INSERT INTO LOGIN (USERNAME, PASS) VALUES ('user1', 'pass1');
INSERT INTO LOGIN (USERNAME, PASS) VALUES ('user2', 'pass2');

INSERT INTO ALUNO (NIF, NOME, IDADE,ESCOLARIDADE) VALUES ('111222333', 'Quim Oliveira',15,10);
INSERT INTO ALUNO (NIF, NOME, IDADE,ESCOLARIDADE) VALUES ('444555666', 'Jessica Cheila',17,12);
INSERT INTO ALUNO (NIF, NOME, IDADE,ESCOLARIDADE) VALUES ('777888999', 'Arnaldo Santos',14,9);
INSERT INTO ALUNO (NIF, NOME, IDADE,ESCOLARIDADE) VALUES ('111555999', 'Maria Joaquina',12,7);
INSERT INTO ALUNO (NIF, NOME, IDADE,ESCOLARIDADE) VALUES ('777555333', 'Julia Pacheco',15,10);

INSERT INTO DISCIPLINA (NOME_DISCIPLINA, AREA) VALUES ('TIC', 'Informatica');
INSERT INTO DISCIPLINA (NOME_DISCIPLINA, AREA) VALUES ('ED', 'Educação Fisica');
INSERT INTO DISCIPLINA (NOME_DISCIPLINA, AREA) VALUES ('PT', 'Linguas');
INSERT INTO DISCIPLINA (NOME_DISCIPLINA, AREA) VALUES ('EN', 'Linguas');
INSERT INTO DISCIPLINA (NOME_DISCIPLINA, AREA) VALUES ('CN', 'Ciencias');

INSERT INTO PROFESSOR (NIF_PROFESSOR, NOME_PROFESSOR, IDADE_PROFESSOR, TEMPO_ENSINO, SALARIO, DISCIPLINA_ID) VALUES ('222555888', 'Magali Silva',29, 4, 900.30, 5);
INSERT INTO PROFESSOR (NIF_PROFESSOR, NOME_PROFESSOR, IDADE_PROFESSOR, TEMPO_ENSINO, SALARIO, DISCIPLINA_ID) VALUES ('444666999', 'Mario Silva',40, 10, 1001.23, 1);
INSERT INTO PROFESSOR (NIF_PROFESSOR, NOME_PROFESSOR, IDADE_PROFESSOR, TEMPO_ENSINO, SALARIO, DISCIPLINA_ID) VALUES ('969363121', 'Nuno Ribeiro',55, 20, 1012.00, 3);
INSERT INTO PROFESSOR (NIF_PROFESSOR, NOME_PROFESSOR, IDADE_PROFESSOR, TEMPO_ENSINO, SALARIO, DISCIPLINA_ID) VALUES ('787989525', 'Joaquina Dias',66, 40, 800.99, 4);
INSERT INTO PROFESSOR (NIF_PROFESSOR, NOME_PROFESSOR, IDADE_PROFESSOR, TEMPO_ENSINO, SALARIO, DISCIPLINA_ID) VALUES ('151474656', 'Orlando Flores',41, 15, 1002.61, 2);

INSERT INTO AULA (PROFESSOR_NIF, ALUNO_NIF, DATA, DURACAO) VALUES ('222555888', '444555666','2022-02-01', 1);
INSERT INTO AULA (PROFESSOR_NIF, ALUNO_NIF, DATA, DURACAO) VALUES ('222555888', '777888999','2022-02-02', 1);
INSERT INTO AULA (PROFESSOR_NIF, ALUNO_NIF, DATA, DURACAO) VALUES ('787989525', '777555333','2022-02-12', 1);
INSERT INTO AULA (PROFESSOR_NIF, ALUNO_NIF, DATA, DURACAO) VALUES ('787989525', '111222333','2022-03-01', 1);
INSERT INTO AULA (PROFESSOR_NIF, ALUNO_NIF, DATA, DURACAO) VALUES ('444666999', '444555666','2022-03-02', 1);
INSERT INTO AULA (PROFESSOR_NIF, ALUNO_NIF, DATA, DURACAO) VALUES ('151474656', '111222333','2022-02-15', 1);
INSERT INTO AULA (PROFESSOR_NIF, ALUNO_NIF, DATA, DURACAO) VALUES ('151474656', '777555333','2022-05-09', 1);
INSERT INTO AULA (PROFESSOR_NIF, ALUNO_NIF, DATA, DURACAO) VALUES ('151474656', '111555999','2022-05-01', 1);